1,54c01942-22fd-4184-9877-1db0089b18f1,acid house
2,7dc2b20f-3953-4874-b9bf-41b8ba06d20c,acid jazz
3,ba64013e-27bb-4f14-a530-8d25b296e0da,acid techno
4,37f85b9c-c3fc-4b5a-8545-51aeb78c8786,acoustic blues
5,00055e8b-b951-46e2-af1e-58b5624e7952,acoustic rock
6,fcc58a18-9326-4c92-8b29-c294d44379c3,afrobeat
7,5f9cba3d-1a9f-46cd-8c49-7ed78d1f3354,alternative country
8,8301f73c-9166-4108-bfeb-4fd22dc19083,alternative dance
9,0b48a36c-630f-4ee7-8cf3-480e3dd8be65,alternative folk
10,924943cd-73c8-45c0-96eb-74f2a15e5d6e,alternative hip hop
11,7983ff25-ddf9-411e-a7f9-6cca238bff79,alternative metal
12,d3ebe947-7c03-43f5-b333-09379881b0f6,alternative pop
13,e096efc6-6c9c-4240-b627-d7bbb5e8fa2a,alternative punk
14,ceeaa283-5d7b-4202-8d1d-e25d116b2a18,alternative rock
15,608b0471-7531-4854-a348-e698c69cb699,ambient
16,cc2327cf-88a3-476b-950c-296c382eabd9,ambient house
17,1c6e4eae-915d-4662-a7ff-038920b67d9e,ambient techno
18,2c765e49-a12e-45eb-b628-f8b9cc0a0250,americana
19,e12fe025-4c13-485e-a2fe-ad5bf2cd75eb,anarcho-punk
20,aca1caab-09d1-44b5-ae84-590ff1d218fc,aor
21,26af3760-750a-4b5e-a699-78c87697585a,arena rock
22,b7ef058e-6d83-4ca4-8123-9724bff4648b,art rock
23,d14a4c4a-bea5-4b08-b945-59b048acd2d5,atmospheric black metal
24,966d3d2d-15bd-4f6f-a830-15ab2c5e662f,audiobook
25,b1c0c2ad-e5ae-4bb6-a1be-d66e195fd2d7,avant-garde
26,8d901306-d4a3-436c-a1c3-75550e5b6eaf,avant-garde jazz
27,77c0160b-8090-4493-b229-890addfee1df,avant-garde metal
28,0e7a3c6a-4fbc-4b66-8201-9196032768ac,avant-garde pop
29,b413acf5-112a-4d44-a61f-9abe28f0dfac,bachata
30,17b58d38-1110-4f5a-9412-b0314329622b,ballad
31,f8f6157d-5ace-4844-90c2-2e2a829b8932,barbershop
32,9e44c2c9-8c44-4aa6-9de3-0f3e75b49f1b,baroque
33,ac30756b-55a7-4dc3-8908-8f94c93318d0,bebop
34,59a849e1-73fe-428d-8a61-3788875f9644,bhangra
35,e7bb9a21-9556-4b85-bc78-5f69a3d0577d,big band
36,aac07ae0-8acf-4249-b5c0-2762b53947a2,big beat
37,a687ea57-487a-440d-b5fd-2f1b2f8b1f57,blackgaze
38,12568698-97cc-49a9-80ab-9c5e3fe4dd33,black metal
39,f976d48b-965e-4fe9-aaa6-105aab988c7c,blackened death metal
40,650bda08-20ca-4012-b873-3b68c5768bdf,blue-eyed soul
41,a1a7b40d-f6e6-48c1-a5fc-b15af73d7381,bluegrass
42,fe12b346-a10e-450f-bf81-fa20894b5ea2,blues
43,58e325d5-54fd-4e98-b39a-3aa6bc319273,blues rock
44,49fa872d-561c-4f8a-aea4-fbe7f67e1bd6,bolero
45,ae4e05d3-6ae6-41b2-9b63-7c9e27784e27,bolero son
46,d8048b43-9edb-4e1a-aa88-bb91fa847d4a,boom bap
47,573a284f-2ae3-4636-af36-10fc1078d295,bossa nova
48,3b8f3f65-6caa-47c8-b076-fa59dfb69c43,breakbeat
49,8aad8a03-be38-48e4-aa43-5ca0f826c569,breakcore
50,63eddc75-dbad-4a05-a365-e30d1e87bca8,breaks
51,f1c9b874-7ef2-4e79-9419-c0bcb5f33a30,britpop
52,cf9daa9d-74e2-4eff-b0eb-7269bbca6501,broken beat
53,12d11d01-cecc-4f9b-8d3a-99e4590952fe,brutal death metal
54,6fd83b83-9b63-47fa-a208-5f9e762f40ab,bubblegum pop
55,0af301ff-3e33-4f5f-934f-5916cfc04157,cajun
56,b44a8ffd-e717-4d73-99ea-9fe5d245339d,calypso
57,78caea3b-84fd-4664-878a-fe70a6e1d9d1,cantopop
58,9c2f8b08-9bac-4bfd-b9ed-6381c65791e9,canterbury scene
59,34edc6ac-d431-4b36-be15-ecd17533e5e2,celtic
60,36c0f210-b6c1-4481-bc7c-33de031a4046,celtic punk
61,f0843e91-c025-4dd7-8aef-6fe3d35470d9,chamber pop
62,55d05e59-4829-4e98-8cb7-5d769cafb576,champeta
63,b7864789-29e6-4965-84e4-463baaa869df,chanson
64,f1e26a78-3e85-4365-a34d-dc4b5389b29d,chicago blues
65,7232e5df-8466-421f-ad5a-ce2048e5522d,chillout
66,103a65bb-35d9-4d27-9c9b-f35a458621ba,chiptune
67,c02cd2c5-9316-4046-a241-f74b773fee06,christian rock
68,31aee5bc-c1e8-43d7-a7bc-902df802ccbb,christmas music
69,5fef47af-772b-48e2-8e49-855f7d999e81,city pop
70,15f9b448-6f2d-45a4-b11b-1fcdf45be203,classic blues
71,9cc9ea3b-e189-4def-9e47-86e9dc643eee,classic country
72,f0e90b41-4499-493f-b6e3-05d3c3ea1b20,classic jazz
73,93244085-20e5-4f16-9067-1d19143b3810,classic rock
74,bf9955d6-c3eb-466d-95ca-30f3848fc9ea,classical
75,bab69b07-8bb9-4415-b666-c37609cef80b,club
76,119ecf69-7d87-4f63-bc83-2959a0111a55,comedy
77,c0e73bb6-37a4-485e-aaea-11c63b40c9f3,conscious hip hop
78,2b4f0036-79a0-4ce0-a38c-4c0c8e61c579,contemporary christian
79,a190bb32-e0a7-4c56-b142-5cf9cfcfa713,contemporary classical
80,c11e4253-a888-4a2a-adde-c274b748d0b3,contemporary folk
81,6aeacd9a-3964-4ca4-9e3c-23ec8bd8848d,contemporary gospel
82,e2b06d21-13df-4a48-aa81-6ddd99344dc7,contemporary jazz
83,4bb4043a-0ee5-4b84-93fa-6ba4567a6ba0,contemporary r&b
84,2f7f569a-9348-4384-8508-2d0ac7d6a778,contra
85,5fc86669-d9ba-4716-8090-eff39081090e,cool jazz
86,5f665615-7fb3-49d8-b541-62a7b239edbe,country
87,1a46845c-ed4d-48c5-a93f-45bb85cf56d1,country blues
88,984e6cb2-823e-4709-a23b-233f7f2ee3aa,country folk
89,2de61e9c-de1d-47c8-999d-5b44c0cfeca1,country pop
90,fb07b1e3-411d-4146-a0d6-3479c0e7557b,country rock
91,eee90717-3eee-41bd-b463-003c180544bd,crossover prog
92,f66d7266-eb3d-4ef3-b4d8-b7cd992f918b,crust punk
93,7cd4173c-fef8-4e99-a527-98a25b6487c0,cumbia
94,ad41288f-0803-4e2e-859f-148e7f7b2eae,d-beat
95,e5bba957-8c91-496a-a675-c6d0c6b51c33,dance
96,b739a895-85ed-4ad3-8717-4e9ef5387dd8,dance-pop
97,509c006f-67c2-4c54-a568-d2b415cb0642,dance-punk
98,6c3503e3-bae3-42de-9e4c-7861f2053fbe,dancehall
99,01ecf8e4-7f7a-4145-ae97-504d3109633d,dark ambient
100,24db3574-7c54-4d9b-b238-8d17eb7e8d63,dark electro
101,16103855-c0f1-4221-81d8-eafc53b1b41c,dark folk
102,c4a72fcd-e291-43c8-a546-9ce1764ff31b,dark wave
103,eacfa027-2fad-413f-a2f1-80fa43674f0b,death metal
104,2bd1ff1a-777d-4c5c-a1cb-92792adcf10c,death-doom metal
105,d39cbc30-7dc6-4194-8f99-6d35dd602451,deathcore
106,619c5945-6484-4a68-96e9-a48d4a4e1f73,deathgrind
107,d5e21e4f-f6fe-464d-b269-14cf670a6949,deathrock
108,7fa479e7-3d35-40d1-96f7-b619a5ca9d9f,deep house
109,b0702eb4-2951-4e1f-bbcd-dd9b0ec63c7c,delta blues
110,bc1b8c46-5a69-4262-b909-c376f5de491a,desert rock
111,6d12e828-40a5-4ebc-a5b0-aa5506e2efd0,digital hardcore
112,a04d680b-b5c5-4f6a-87a3-f9f1ff98e3ea,disco
113,1696f12e-9f01-4309-be9d-116e31ac65b7,doo-wop
114,db815815-60fe-44a3-9859-2232df479dc9,doom metal
115,cc38aba3-48ed-439a-83b9-f81a34a66598,downtempo
116,1e5e18e5-4e70-4a73-942a-c6c79c1aefe2,drill
117,75c5866f-0212-4c02-9650-de475dda157e,drone
118,462f9321-6103-49c9-b6db-96219bce6f62,drum and bass
119,c72a5d45-75a8-4b35-9f48-67e49eb4b5e5,dub
120,16aab171-3dce-454e-bb96-2636f15813fc,dub techno
121,1b50083b-1afa-4778-82c8-548b309af783,dubstep
122,c89a76aa-2149-499e-946b-8299aa2f4ab3,dungeon synth
123,1bafab01-c092-47bc-84ee-a6b503b3cb86,east coast hip hop
124,f3818817-6235-48d5-82f7-b223eb0261d9,ebm
125,8164d906-055d-4ca8-9ab2-14204b301cc3,electric blues
126,60f00d05-df4d-496e-8f5a-c45c03a56ad4,electro
127,05247982-e44f-4c58-96f8-a5453be69f5f,electro house
128,9b1af4d0-2196-43d4-bbca-845a2e02d962,electro swing
129,4f476710-cd29-400f-98fe-7782e1f00e06,electro-funk
130,6e2e809f-8c54-4e0f-aca0-0642771ab3cf,electro-industrial
131,cae57e98-c939-4b0e-ae49-8e0cb1bdc91d,electroclash
132,89255676-1f14-4dd8-bbad-fca839d6aff4,electronic
133,c4a69842-f891-4569-9506-1882aa5db433,electronic rock
134,53a3cea3-17af-4421-a07a-5824b540aeb5,electronica
135,f9720c77-3574-4fe8-823b-c290b117222e,electronicore
136,3f3388b4-e36a-4bf8-a0be-66b10d92aaa4,electropop
137,c187da0e-48a0-4de5-b759-4ca2a1503008,electropunk
138,ef0c2769-9c8f-49fc-b66e-27b8242b004a,emo
139,1d6489a9-5837-43c9-8155-94a126e8a951,emocore
140,b73d4a65-091e-4f08-8422-93f1b90f95d7,enka
141,845d2209-0b82-4a87-9405-453fc2e3086c,ethereal
142,8f8cbcde-3948-4be5-8bf0-8073f13e4b60,euro house
143,e9a67960-9b49-4967-a1c9-c26360e9c612,eurodance
144,50e3ff0e-1abb-4577-9bf3-95d5c539ce2d,europop
145,68c81274-5770-4e7b-a4bf-ab0d7d425d99,experimental
146,65c97e89-b42b-45c2-a70e-0eca1b8f0ff7,experimental rock
147,2fb0a213-28f9-4e67-bb02-3df6d396d2de,fado
148,18a0d235-c8e0-4575-b0dc-e3bb0cc2ad2c,filk
149,961c6dad-8cf0-47ab-bc09-ccd011f9ef28,flamenco
150,a91eed3a-fdd0-494e-ade0-95ea4117f6eb,folk
151,f5b0242a-ede0-4929-9361-4eddeb0516b5,folk metal
152,6cec5b4d-3c64-44a6-914d-3e833432f631,folk punk
153,445dc48f-5233-4b4f-987f-867ff9ade836,folk rock
154,abb2374f-30e5-4d3e-b417-2caf78ef1f6c,folk pop
155,8103927c-5f4b-4bbc-9d8c-7a1241d2bab8,freak folk
156,6a1ba2f9-1e5b-446f-9ffa-c0b0963aa08f,free improvisation
157,3c31635b-a5a7-44eb-ab9d-4bbde11da2d4,free jazz
158,fe4ba6a1-9873-4fd0-a12b-a70c81818514,funk
159,dfdf3e46-3b2b-417e-9346-86f9a5bac360,funk carioca
160,0caaa092-27c4-413e-841c-7c4deeec57a7,funk metal
161,eca476ac-d63b-431f-9347-c45f530dc15d,funk rock
162,1fbd6e82-0d33-4d78-a9b1-7d145a8eefa6,funk soul
163,62e4c7cb-a2b3-462b-8d96-1b0d66ee6cf3,funky house
164,7af339eb-e666-4aa6-a6ca-8444ca573fe0,fusion
165,cdc54f47-79fc-42e2-80d8-8ef58bd21122,future jazz
166,6df6e38b-2a6f-4990-94dc-ea48eba4f8ad,futurepop
167,b37aef4d-0029-4fc7-b634-6338197335a8,g-funk
168,2f2118d7-315b-4241-bf40-d5d6ca11348d,gabber
169,bc8c2f79-dcea-43f3-962b-f0663868d42c,gangsta rap
170,60c9c6a6-1de7-4010-9f5b-7692d3231d22,garage
171,092f40b5-9157-41f2-8243-68b704cd0ed1,garage house
172,fd5bea65-15ef-44c4-83fb-ba15013b3596,garage punk
173,b7bb11c3-bb83-4047-af65-1e8aba89039f,garage rock
174,bc08993e-b188-43e8-b358-b84f2db6bfe6,glam
175,818134e3-9392-4624-a13c-c4b19c54bccd,glam metal
176,54d89e62-5bfb-42bc-a321-9230e6fdcd75,glam rock
177,18b010d7-7d85-4445-a4a8-1889a4688308,glitch
178,ade8f293-c049-438a-a5f0-b51e6776d9c5,goa trance
179,ca315be3-733b-4630-92d9-cd8ecafe0419,goregrind
180,08289b42-7e41-4987-9263-c28bb4c59da0,gospel
181,d9f42dc1-3a92-4217-8ae5-e9672f595b8e,gothic
182,c73392a9-adaf-4ee4-b911-97a5892ac917,gothic metal
183,d9858aef-25bf-478b-b135-b900aa1f0fd1,gothic rock
184,b9c9a69d-5fc2-4317-b25d-5a96c8c9478a,grebo
185,51cfaac4-6696-480b-8f1b-27cfc789109c,grime
186,093149ea-d1bc-4f93-bd5a-8fdcd055ea2f,grindcore
187,1a85800e-945e-4a9d-824e-dbd21ca15757,groove metal
188,3f08faa9-6c3e-4b6d-b4b8-08eea45954e2,grunge
189,3c9097f9-10d9-4086-98e3-e8c54ef470b3,guaracha
190,bd477a3e-9235-4597-9ce5-3caa994baef7,happy hardcore
191,8c083468-2dce-4a31-ae77-433af3deafd3,hard bop
192,9c5052e0-36ff-4b92-9447-58f44ffdf682,hard house
193,51cb9f91-e6a2-41bf-891f-e78e3f1e52ab,hard rock
194,c8acb78a-8337-4eae-9d19-48220dba03ac,hard trance
195,3308d0b0-3c7f-45e2-b835-5c2a0d433f02,hardcore techno
196,055a6e4d-d929-42ac-ba7a-9d063b254ea5,hardcore punk
197,4a74a604-f702-424c-984f-93c5b04360ea,hardstyle
198,a6719055-99c4-47eb-beaa-71081f2376f9,heavy metal
199,52faa157-6bad-4d86-a0ab-d4dec7d2513c,hip hop
200,59b8a806-8bdd-45b5-978a-b5e404c910aa,honky tonk
201,66d01f06-21dc-4216-ac63-c5efb7b6338e,horrorcore
202,36471baf-3fd6-459d-918c-40dc64adea36,horror punk
203,a2782cb6-1cd0-477c-a61d-b3f8b42dd1b3,house
204,8eb583f1-4fd7-460c-8246-dcdccc0e3ef9,idm
205,da52c9d1-73f2-456e-a0d0-94bd854cb338,illbient
206,538c905b-642d-43c9-b071-439af11cc471,indie
207,36917620-240a-4fed-abcb-7be611ac3834,indie folk
208,f390be72-360b-41bb-a310-6a2e638779d2,indie pop
209,ccd19ebf-052c-4afe-8ad9-fbb0a73f94a7,indie rock
210,9e7ae1de-d5f2-46a5-b105-11c7367dc70d,indietronica
211,fde4b353-2d97-4b57-af38-e7c53efa84f3,indorock
212,060beed7-e597-4c42-8e25-5bf8bd5dd3cb,industrial
213,d4df54b5-67b4-4fb7-8f73-79e71717a501,industrial metal
214,ffbc9907-c9be-4ace-876b-b7fd5b9d51f9,industrial rock
215,4ae63770-68af-4fae-b0f1-5e53f372c743,instrumental
216,c1a4860e-720f-4f4c-8a54-a8032aac08fa,instrumental jazz
217,6b3903aa-8abe-4645-b363-558483b1586f,instrumental rock
218,3d88ed41-624d-4be9-bf9d-ca11991eb250,irish folk
219,97a4a75a-6e49-4519-9684-ae2ccb2fc0f9,italo-disco
220,eba7715e-ee26-4989-8d49-9db382955419,j-pop
221,d181e978-c908-4f33-b2a2-f7454d0cb2c1,j-rock
222,a715278f-1580-409f-8078-4ffbc800e08b,jazz
223,9702d99a-823f-47ba-b8c2-af0538c9640b,jazz blues
224,2377ff19-83e7-4873-b425-dce6d1ad4ef4,jazz fusion
225,6061fb1b-d733-4643-a3d4-940c9a5e2ab8,jazz rap
226,5eea976c-1ab2-4d94-9b63-7d1297d5dba5,jazz rock
227,f3c43ae8-839a-4523-b295-cfa4eba6c911,jazz-funk
228,ea9b6ec3-fc8f-4c55-b2f9-19bd4511a986,jungle
229,b74b3b6c-0700-46b1-aa55-1f2869a3bd1a,k-pop
230,7054e8e2-7c7b-4432-83b9-93423b361792,kayōkyoku
231,5c8b654c-0f2b-40d5-990b-e070a527b1df,kizomba
232,06eeec6e-f389-4783-b601-909bb10bd04e,klezmer
233,ba318056-9ddf-46cd-8b95-61fc993b962d,krautrock
234,7369bb8b-3399-4180-8cb2-4e37e0e7b0e7,latin
235,48095aaf-c31d-4bfc-9578-8755c71d44af,latin jazz
236,2b9b7ea8-cb90-428c-adb2-d55b2faa4f1d,latin pop
237,b07b5eec-c7f0-4529-a876-e0dd6b350084,latin rock
238,32bea60c-e201-4241-8ed4-228636d34a97,leftfield
239,e1e37f00-9bd9-4510-b6ca-9bb128b665f4,line dance
240,65e2f3ad-e0bd-4627-bd83-cba7c8b6d011,lo-fi
241,97b15117-c3e2-47ec-9d64-79f90b528a9c,lovers rock
242,de2785b2-f282-4718-a422-37dc93964bdd,lounge
243,013161b9-3f21-468f-aa1f-28adf1eae085,madchester
244,caec8f8d-d862-4b62-9942-5622c2c18446,mainstream rock
245,f6fb8e67-cd02-4fb4-b256-2970000dcb46,mambo
246,489cf2f9-0edd-4fbc-aa05-ae248706cb3e,mandopop
247,482ff4ed-fc37-49fb-9858-92f955a19e6c,martial industrial
248,a6b55d73-bba3-49fc-a361-ca4bde004717,math rock
249,8df1241b-2ba1-40b8-bb8f-2dc15ce6dc1e,mathcore
250,4fc769b7-acac-4061-9129-ee8c6875b4c3,medieval
251,74ed98e0-d2f4-4d34-9a51-0c18c1303726,melodic black metal
252,5eeb0431-8160-40a7-ae44-c2ad01fed156,melodic death metal
253,4f2cd717-7259-48df-8d0a-c17ccd9203b9,melodic metalcore
254,e6d5e340-d969-4bb1-8342-18abc1d8c611,melodic rock
255,13e409d0-fe4a-4dd4-a957-6e06462b085f,melodic trance
256,ce41a887-cdb3-4c52-bbce-604287d74573,mento
257,3f5f955d-f505-484a-b397-d0bf0760d8f3,merengue
258,cc28f5aa-5e19-487c-88e1-e56b022f1fdd,metal
259,62f88295-0605-4ce8-958b-2e0063ece47e,metalcore
260,bbce54eb-a477-4b23-ac81-d3b9aac43756,microhouse
261,7588308f-e08b-444e-8d6b-55549c58cf3c,milonga
262,b0ac2e92-b41d-46e9-8c88-cd254f3a86e0,min'yō
263,d024e2e6-842c-43f7-b46e-8d0b87a4cd8e,mincecore
264,8d9a00db-0b8b-41ff-9af7-d0f96793bdc5,minimal
265,6fb5fe60-b6c2-414f-8011-4f8dc023039b,modern blues
266,e328c306-8e35-46d2-93c3-623412ec7c13,modern classical
267,0582ba9e-320b-431d-a925-e1b22cad22d8,modern country
268,0c44a04f-f7ba-46a0-9dbe-1a21359cfa1e,motown
269,7b447f98-1e94-4e57-9bb8-373743fbcdd8,mpb
270,ff6d73e8-bf1a-431e-9911-88ae7ffcfdfb,musical
271,286f9168-9c46-4e41-94a1-1aa4aeb93b8c,neo soul
272,d2327987-362f-4d70-8bfd-a8b47c3b0a54,neo-progressive rock
273,66366e89-590e-424f-b13d-0d0564eb4f27,neo-rockabilly
274,e94c28db-21a2-43de-9e58-8113fba2c732,neofolk
275,9c8ba153-740e-4b88-b7ff-31d004944c95,nerdcore
276,6c76d9ec-0924-4fc9-bb22-91a695ca09d6,new age
277,dd497eac-e915-49a9-b1e4-482792acf397,new jack swing
278,391a797d-50d7-46df-b380-39ccacd52a09,new romantic
279,56407f9d-3398-4bf3-bbbd-ea372fa5adeb,new wave
280,3188a961-88e0-4b12-9b9e-47f79e53d780,no wave
281,89c7c9b3-215e-482f-bce3-3219ffd0a222,noise
282,0cd76818-fdde-4f56-93a1-040f09ca7f23,noisecore
283,1208a8e7-e5bd-4891-9f81-9a9fdfceeb39,noise pop
284,018b7630-8941-4966-90e4-3774daea4e04,non-music
285,3e226375-1286-40e3-92b3-d257e3a1babb,norteño
286,a18a254b-67ca-4c8b-a13c-87154055e47e,northern soul
287,848ecccf-e7fa-4439-a8ab-9dd3c31b4cf6,nu jazz
288,bbad9cda-bde2-448e-821c-7ebf85a54020,nu metal
289,290afc44-ad41-4d51-9ca6-4ee88df0f4f8,occult rock
290,221ff39c-4521-49e3-ab52-e4dde85efd1e,oi
291,ed67ff3f-8f00-4321-badd-e9f183f7584b,old-time
292,2692f2d7-d680-4a5c-83f0-48e6e7c3ec6b,old school death metal
293,56e0b906-1018-4a55-8ec7-86746272116e,opera
294,f3fe6570-1e79-4ed5-8eb9-9ed64d631871,orchestral
295,f30d5ce4-559c-45c2-897c-089599ac9a83,outlaw country
296,fadab481-3ced-466e-b828-74aed72d5c2f,p-funk
297,bbe70cad-e184-42e5-9b90-e14438ba4363,pachanga
298,911c7bbb-172d-4df8-9478-dbff4296e791,pop
299,77365c92-f25b-4ed3-8d02-03aae8b6df0e,pop metal
300,60e21d01-ce21-4127-86b7-aada79558dab,pop punk
301,da2fc3b4-b97d-491a-ac0f-8a731bee7237,pop rap
302,797e2e85-5ffd-495c-a757-8b4079052f0e,pop rock
303,64e0bd76-822f-4549-a6fe-9858561282d1,pop soul
304,aef2077e-6cbc-47ba-9698-9eb5f842a412,pornogrind
305,94ce0ba0-9043-4b5b-87d6-3c1a8458f75d,post-bop
306,842008b8-1c67-4c8c-b450-7f5adf20fb7f,post-classical
307,bbb1310c-24cb-4fc9-97c4-f93e4549f1e2,post-grunge
308,aec382b7-b635-470c-9051-2f84e0b5ea1e,post-hardcore
309,e214700e-dae1-4b69-81e9-276e4e88fa32,post-metal
310,f6d8cadd-6a5e-4ec9-9c2b-996b5332a639,post-punk
311,0bfffa19-4e4a-4bf7-bf53-6ec44f0a2f8e,post-rock
312,4e6e388c-a9d2-45cb-80ad-bf64db4a0759,powerviolence
313,18527512-634e-48bb-81b2-6bfcf1818b95,power electronics
314,f0b0aa5f-ed81-456b-85ab-492002a29eeb,power metal
315,618704fc-daac-44a2-92c9-89e3b1a2fc8c,power pop
316,5a56d32f-81e4-4301-be70-4a060ab3b4a0,production music
317,8d275a8d-154a-4bcb-8b5a-f56306ad4bcb,progressive
318,34d08b64-7426-42e1-959e-48af44352fcd,progressive folk
319,70adb285-e1f7-458a-823f-5cbda5e291c4,progressive house
320,5c7785e6-a0b4-4441-a1e6-4fd4c0066a5f,progressive metal
321,ae9b8279-3959-48d8-8a88-741a7f6d4a48,progressive rock
322,6bd228be-3374-4c4e-bc0a-46779fafe8f1,progressive trance
323,d1091878-2332-4f82-9a5c-f6d67cf4b7ef,psy-trance
324,d698ece0-6fed-4262-b446-42c98b73b65a,psychedelic
325,507757f0-a63c-422b-93f1-f1d77462033f,psychedelic folk
326,2aeb5340-c474-4677-b9a6-35ddac9b6a58,psychedelic pop
327,146ef761-5ad9-48b4-b0b3-483104f7da48,psychedelic rock
328,8a14f570-7297-438d-996d-8797f9b8cfcc,psychobilly
329,b3cccf71-e843-4546-87fa-728055ba3147,psytrance
330,8cc9b280-230b-4a3a-b1e2-8acab0744dd3,punk
331,bd7e1d40-43b1-4ba5-97b3-05b891466962,punk rock
332,2481fbdc-05ed-458d-9928-46f3336c343e,queercore
333,31be54b2-4d0c-42df-aa44-c496c7b4c3c3,r&b
334,0d15e596-3374-4590-bdb0-0a95d38ab4dc,ragga
335,4080e55b-ac2e-4907-a724-491b3bfdba63,ragga hip-hop
336,7aae791f-dfff-4910-b133-ba1b9e9c1560,ragga jungle
337,deec5f2f-ccfc-4e0c-b1ac-8e5a17cd5cb7,raï
338,d017dd87-704b-4ad4-8b67-39fb401b8339,ragtime
339,ca20f188-68d2-4af5-966e-8e2e0f848758,ranchera
340,b4b184b7-6224-478e-a273-f9da9ee30136,rap rock
341,2cd7891d-c012-45f1-b1a1-86e34793f7fa,rapcore
342,660e755a-1b66-440b-9b7c-fbcf245f4415,rave
343,02b2f720-d06e-42ce-85c2-1ecd4191ffcb,reggae
344,bb14fb18-af6b-4547-9130-47fc4b208f48,reggaeton
345,9d4f50e8-5056-435e-8786-2d09e3407622,rhythmic noise
346,0e3fc579-2d24-4f20-9dae-736e1ec78798,rock
347,e4581b76-a842-440b-9b0f-1aa7a00a5c57,rock and roll
348,f1a053eb-61bb-448a-964d-35784c4ae8c1,rockabilly
349,81638671-c67c-47cf-b21d-e92261068cf6,rocksteady
350,f2d4991d-97fa-4c1c-8e09-15ec7668aa43,roots reggae
351,190bba5b-909f-4501-9a00-f96969983459,rumba
352,717f442d-59d1-4349-a14e-c4874acd3509,salsa
353,2447a0ec-e65f-48c7-b402-05cfe5c62cb7,samba
354,7edde935-8094-409e-ba33-34779b4668f8,schlager
355,8fea0cb0-4205-49cb-95e8-bc1122857c7d,screamo
356,9864d280-a987-466f-bac2-ce103721c3e2,shibuya-kei
357,a4012b2e-5c27-4f81-8781-9ae5998d882c,shoegaze
358,455f264b-db00-4716-991d-fbd32dc24523,singer-songwriter
359,65877068-2116-4af6-89a2-838179a7e103,ska
360,89e34d8e-6562-412f-8da3-d040e159e6cd,ska punk
361,7aabc697-7c79-4f12-bb6f-ee5d70298a3f,skacore
362,a4704a31-7c69-44d9-a590-8fcc2b258f77,slow waltz
363,66544dbb-08a8-44c2-a21a-4d251481d2b6,sludge metal
364,a1f1dcc8-6078-4c12-90b7-47e3080e330c,smooth jazz
365,d4eafdc7-1a86-422b-b598-79e6bb81745c,smooth soul
366,b251cd9a-990c-49f6-8da3-db3457aa2114,soca
367,7d0c6a6b-5d56-4b1e-a8c7-e32194f246b9,soft rock
368,db48f46a-6467-49b0-a6b2-beb059584d9d,son cubano
369,7f0d2b34-d0ea-4ab5-a169-934f131bc40c,son montuno
370,1b5e7b16-336b-473e-a364-5120413a9827,soul
371,e70f0aa3-9531-448c-8182-7ff34e3d74f8,soul jazz
372,905c1899-3027-4d29-8d9c-bbeef2c8628a,southern rock
373,bd61d502-8906-4073-a4ea-18c04e946dbc,southern soul
374,532dcf83-5641-446d-b007-51292b401650,space rock
375,59c7776f-fd87-4cfb-a7a5-9fe66ec02b1b,speed garage
376,13b9a3d0-cadd-483d-9bf5-9c2b32a946a7,speed metal
377,c774791e-1b78-4794-a109-befb712ef44d,spoken word
378,5c76eb54-7342-4d1f-9d98-a93f2f6aa7f6,stoner metal
379,aa5f0254-403e-496a-a388-c01abf62f39a,stoner rock
380,c2ca3275-7e83-40cc-8f13-7ccae588144d,street punk
381,b76ee78d-ec97-49e9-8ea6-cfc46ecc3b23,surf rock
382,063d0461-1e12-4246-87bf-69c5ca611cc2,swing
383,86a383d3-a4cc-4690-9a0f-f8ee83f7492d,symphonic black metal
384,2a4cae89-5a5a-44b7-9cf8-bf92c38a31dc,symphonic metal
385,166be36f-febb-4523-a005-1fb3603bd3f6,symphonic prog
386,f729e6f8-30dc-4b81-9ff4-f4e7de82225d,symphonic rock
387,50294a4d-61f0-4dc8-a20f-4708d52fe78a,symphony
388,19565d07-8460-4773-8d54-149208a61bb4,synthwave
389,988e91a3-3341-416d-b7f8-7dbef6848dac,synth-pop
390,267b14aa-3e3c-4615-803c-0255a81c8203,tango
391,1f9c4b4a-c43d-40bd-b806-357153641fd0,tech house
392,db37c56d-e6a7-4809-b549-6f1cb559b559,technical death metal
393,41fe3260-fcc1-450b-bd5a-803886c56912,techno
394,4b7c8e31-462b-4e06-acfd-fa508ad26e0c,teen pop
395,e8a3ec42-4427-4365-8180-f1e05b46459e,thrashcore
396,cc4cf136-5690-4ee3-a62b-b172febfe322,thrash metal
397,6b8e3c88-add3-4b27-b2ec-a2135edf6e95,timba
398,037150a6-d83b-4307-908a-84201867186d,traditional country
399,2afc2320-384f-43a4-a71e-1b763c485045,trance
400,9a339aa8-a0e5-450c-95a7-b11517bb508f,trap
401,a21ea484-efba-4119-8120-429b26f98728,trap edm
402,57159d7c-faa8-4266-abe1-7504e312fc88,tribal house
403,45eb1d9c-588c-4dc8-9394-a14b7c8f02bc,trip hop
404,cfe47781-460e-498a-92f5-399d68076727,turntablism
405,ca5d2892-93bf-4aae-85d5-a4589a1680b9,uk drill
406,95c57cd7-7fb8-4405-ade1-775c2d27e54e,uk garage
407,03a8749c-93e6-4b71-8204-b33de116d8fd,underground hip hop
408,bff33e5d-d591-498f-927f-b26c5527d817,vallenato
409,e837fa08-f314-428f-af96-ceed9858e3b2,vaporwave
410,fc736acd-9413-4b86-b8d4-47e9ce61d561,viking metal
411,823e4a7f-ade7-4d34-927a-721c60469b81,visual kei
412,9405d427-8b33-4670-a41a-040e23cef8ce,vocal house
413,782dc157-d1a5-42b9-9174-d329c24a7ef3,vocal jazz
414,f4dec9c1-abe2-4f3f-adee-5aa8f395d5ce,vocal trance
415,149a3524-0fd3-4bdc-9876-0361dfee8908,west coast hip hop
416,bb071d13-8c80-411b-9c0b-16b37bf71ae6,west coast swing
417,e6d6a58f-6c00-484e-9bc7-12e2c4d024e2,yé-yé
418,281e2c3f-80ad-4bc4-8b30-54222dee3b9c,zamrock
419,498229df-4956-4ed7-91f7-a9d4b1877af1,zydeco
420,5319fada-431d-4b16-ac6f-37e24b2201b5,kawaii metal
421,bdebe8fd-c5b6-4b89-bb2a-ece612f1caa7,romantic classical
422,5e6d5394-6508-4ce2-87ee-90388b1a6b9c,classical crossover
423,6242615b-5620-465b-b6fb-2e593e90cbad,dream pop
424,53c3e4ea-ce29-4dc1-9133-09b6be18a607,joik
425,6732427a-0d04-4a15-b9e5-b4b5b9532f8f,drill and bass
426,1c5db6d3-9ce6-48c0-9bff-e29f7d7cb1af,breakbeat hardcore
427,f07bf7f4-1b55-42ea-8c4d-9906fce84cdf,boogie rock
428,310c2c5c-38a7-49ce-9d24-6f27e22bd203,boogie-woogie
429,61d50e81-17bb-4b8b-ab36-7ae1759bc589,hi-nrg
430,42fabe6b-0d6a-469d-b83c-21515bb2b490,swamp pop
431,82e38e98-8a93-4ea9-a07f-ff0aeba07444,swamp rock
432,ad6d7f8d-2224-4708-8a00-0fdd838d4676,future garage
433,ccd103a5-bf71-43a2-b715-244a81ac9950,bounce
434,432290bd-f667-4871-9fdc-127996f3ad93,miami bass
435,df6d324a-ff39-4055-9289-b14da57ab4e4,polka
436,b99d935b-cc28-404f-a306-50b7d468304f,hip house
437,05039e37-4520-4d1e-8173-92a7915a452b,hauntology
438,88b01b1f-9151-4a1b-a9f7-608accdeaf20,detroit techno
439,34d6235e-91cd-452f-95fb-2f8ce6508471,zouk
440,cbb6cb49-6671-46ba-8d35-c5f703d881a3,compas
441,09754a03-bf20-40e9-bfbe-ba1172d4a966,cumbia villera
442,12b013ff-cf03-4fa0-8e1b-c9b7f5d27f90,hardcore hip hop
443,518102e9-8d09-4f6b-b1e2-141bdcce6a82,red song
444,ef063b60-3206-466c-a7d8-7d317fcdf9fc,acid rock
445,3bc3d7dd-2bc5-4848-a9ef-4b67c6f7c6f9,heavy psych
446,8e5474b7-f445-49a7-866d-0f8e34b0a519,noise rock
447,5c61cf56-7dcd-4bd8-87e4-b5bb0c25255a,harsh noise
448,344dc18a-b982-49e7-918c-23c7d69fb6ba,harsh noise wall
449,9c143ab1-1506-4134-ba40-1660fbad7f51,ambient dub
450,c1313278-b276-4a79-9fc1-770dd62a8b83,minimal techno
451,39b5ca66-873c-4a3d-94a3-3d31176b545e,industrial techno
452,e5abef91-49eb-491c-b0ce-c6dd4e1f2d19,avant-prog
453,6992b6b1-c275-4728-89b0-8aebab5b7d94,zeuhl
454,1deaf1c4-d01b-4a3c-adc4-ff45cf09264c,ritual ambient
455,94bd08a1-367d-49ad-a9f5-6db1c08f196a,tribal ambient
456,31ec78f2-15c9-464b-a9e4-19e531028544,uk funky
457,930ef127-3653-4677-9b95-ecc90c7c1a14,art pop
458,556be6ff-df60-4bb1-bd88-3ec7c69dfa28,minimal wave
459,ebf28819-ebd3-4c00-9c42-3b8dc00f897c,nueva canción
460,60e19df0-99e8-4863-be31-7ec7e5c98c7a,western swing
461,6d39ad19-fbd6-407b-baf3-ad6ad46a5518,yacht rock
462,8b945b77-ccf8-4e55-a9a5-103cca5c1c96,comedy rock
463,4c1cfd87-002d-49de-8e88-0f3cbcc090fe,maloya
464,9d966bd4-89d5-4d6a-a408-eeb8c300c426,coupé-décalé
465,80778e31-3eca-4391-b01d-68c0e1cf40f5,heavy rock
466,4bf6058e-0736-4836-8eae-6d63bf78b9fb,waltz
467,15d8d1e8-302d-4919-93a7-740099aef3c0,ryūkōka
468,77f8d0ee-059a-4420-9ac7-84890730ae2a,group sounds
469,16929e76-e49b-4ca3-9d26-11f7dc7e665a,maskanda
470,b5220905-bd0a-41d5-b534-ed5401be80c2,neo-traditional country
471,ac4806f4-b2a8-43e8-8014-4f2bd9d64dad,cowpunk
472,2cd172f7-d191-4cfd-8c4f-0a648b155fdf,guaguancó
473,396d532a-19e2-47da-9f05-f98ff961407d,descarga
474,42419c8a-48ab-4b1e-a3d2-48b2a4d9ebdb,changüí
475,e17eaeab-2d3f-4dae-8344-1dd5d9cb3c00,guajira
476,dc726e7d-7f0d-47e8-9172-c9311d7bd4a8,chutney
477,8a729b73-1ef1-44da-a0d8-ce90cfc181c3,steampunk
478,75858cef-eb30-4787-b524-3e04a41698cc,cyberpunk
479,4f2977aa-6943-404a-b8ec-295639ff0adf,nightcore
480,b97dda04-d712-4527-80fe-7cfa0e71ecf1,industrial musical
481,3976e9ba-16d0-461d-b732-99408a0374ba,edm
482,79fb8e4d-f508-40c3-9043-524811ee9897,bongo flava
483,d2d6de50-4dd8-4838-92ac-aa6d1e600bba,afoxê
484,b72d3108-3360-447e-bb08-0895deff7ae5,candombe
485,decc967b-5b70-453b-9107-0b4e7a00505f,beat music
